word,freq_rank
aback,2.330875
abase,0.144411
abate,1.450585
abbey,9.29996
abbot,6.22807
abhor,0.862366
abide,5.704609
abled,0.080585
abode,4.923101
abort,1.707965
about,1888.490686
above,388.864449
abuse,53.277382
abyss,4.061784
acorn,1.195723
acrid,1.092816
actor,23.606099
acute,70.126628
adage,1.516704
adapt,14.334389
adept,4.018531
admin,2.065027
admit,35.679096
adobe,4.067805
adopt,27.57914
adore,2.310434
adorn,1.797749
adult,84.795012
affix,1.119909
afire,0.852654
afoot,1.516346
afoul,0.522909
after,1117.52171
again,557.302826
agape,1.266651
agate,0.958016
agent,80.190577
agile,2.060948
aging,27.178227
aglow,0.588857
agony,8.869981
agora,0.956299
agree,66.507619
ahead,67.015588
aider,0.196482
aisle,5.354011
alarm,18.655192
album,8.395958
alert,18.743135
algae,7.443629
alibi,1.427448
alien,18.464226
align,4.354623
alike,26.550803
alive,51.234879
allay,1.61721
alley,7.455361
allot,0.624488
allow,125.981753
alloy,10.808529
aloft,3.000954
alone,198.280029
along,302.768601
aloof,3.896216
aloud,13.630964
alpha,15.620106
altar,15.810117
alter,27.745539
amass,0.74984
amaze,0.749972
amber,5.163954
amble,0.280502
amend,4.205915
amiss,1.833963
amity,1.182445
among,493.126595
ample,13.625735
amply,3.634672
amuse,2.881203
angel,22.550887
anger,48.87695
angle,60.436438
angry,42.791955
angst,1.04052
anime,0.272033
ankle,8.993671
annex,5.599714
annoy,1.593932
annul,0.752529
anode,4.88935
antic,0.354156
anvil,1.793087
aorta,7.987384
apart,77.400711
aphid,0.79812
aping,0.28239
apnea,2.482069
apple,19.314666
apply,88.946184
apron,4.426584
aptly,3.280539
arbor,9.164367
ardor,1.568386
arena,14.216464
argue,41.715043
arise,48.773663
armor,6.685918
aroma,2.980179
arose,26.262881
array,32.87704
arrow,22.70738
arson,1.682908
artsy,0.121118
ascot,0.375515
ashen,0.925928
aside,46.626574
askew,0.933309
assay,13.085709
asset,20.492255
atoll,1.084697
atone,1.171311
attic,5.916607
audio,15.761845
audit,13.18136
augur,0.538215
aunty,0.681469
avail,7.299862
avert,3.001288
avian,2.663122
avoid,108.086618
await,7.068643
awake,15.913793
award,24.283303
aware,90.827307
awash,0.909208
awful,15.978256
awoke,6.223688
axial,12.740745
axiom,3.977384
axion,0.085612
azure,1.391366
bacon,13.861818
badge,4.355719
badly,27.724064
bagel,0.430709
baggy,1.089763
baker,20.804153
baler,0.161046
balmy,0.758402
banal,1.747325
banjo,1.329692
barge,3.581669
baron,11.58348
basal,16.239295
basic,209.16609
basil,8.244359
basin,26.885753
basis,204.203404
baste,0.510354
batch,10.886799
bathe,3.195075
baton,4.574989
batty,0.367722
bawdy,0.799985
bayou,1.317743
beach,42.507506
beady,0.405062
beard,12.898457
beast,13.633761
beech,2.725107
beefy,0.395847
befit,0.212355
began,296.094461
begat,0.548533
beget,1.010755
begin,124.096939
begun,53.724997
being,467.742908
belch,0.410275
belie,0.714862
belle,6.091048
belly,12.332241
below,207.389629
bench,17.597851
beret,0.775052
berry,8.109536
berth,2.208786
beset,3.949134
betel,1.220352
bevel,1.625671
bezel,0.204796
bible,51.749957
bicep,0.143619
biddy,0.540476
bigot,0.598048
bilge,0.557025
billy,17.0343
binge,1.74978
bingo,1.406929
biome,0.34965
birch,5.891776
birth,97.861927
bison,2.332965
bitty,0.220506
black,311.206785
blade,17.68351
blame,27.834437
bland,4.241709
blank,22.520742
blare,0.358593
blast,11.316451
blaze,3.961954
bleak,5.026458
bleat,0.241328
bleed,3.825832
bleep,0.117133
blend,10.58967
bless,10.176194
blimp,0.278171
blind,41.453716
blink,2.555895
bliss,9.197278
blitz,1.175227
bloat,0.285762
block,82.781372
bloke,0.82689
blond,6.741874
blood,260.600256
bloom,12.049338
blown,12.368734
bluer,0.267969
bluff,5.452039
blunt,8.400239
blurb,0.295489
blurt,0.379477
blush,3.574793
board,153.462469
boast,5.545723
bobby,8.615935
boney,0.221127
bongo,0.359261
bonus,7.699291
booby,0.864836
boost,6.720314
booth,10.530801
booty,2.471153
booze,1.657898
boozy,0.11554
borax,0.89363
borne,19.82843
bosom,6.537303
bossy,0.673373
botch,0.163229
bough,1.513619
boule,0.413422
bound,78.510085
bowel,14.586113
boxer,2.773277
brace,10.193404
braid,2.163754
brain,119.77334
brake,7.524766
brand,24.48827
brash,1.14704
brass,14.501892
brave,18.765542
bravo,2.115
brawl,0.966842
brawn,0.443024
bread,41.009465
break,89.480801
breed,11.387915
briar,0.663327
bribe,2.93315
brick,20.66149
bride,16.467042
brief,80.593409
brine,2.643224
bring,162.212358
brink,4.483783
briny,0.198215
brisk,3.909315
broad,79.100021
broil,0.493261
broke,53.420045
brood,3.343775
brook,7.458515
broom,3.548407
broth,4.526368
brown,118.670726
brunt,2.246367
brush,21.713423
brute,4.982125
buddy,6.302486
budge,2.27659
buggy,2.41188
bugle,1.233226
build,79.220339
built,144.238534
bulge,2.86474
bulky,3.66056
bully,3.228476
bunch,11.816153
bunny,2.140562
burly,1.474034
burnt,12.086104
burst,25.405465
bused,0.204827
bushy,1.907835
butch,1.844902
butte,1.702806
buxom,0.402498
buyer,13.937788
bylaw,0.1804
cabal,0.623897
cabby,0.213233
cabin,19.189538
cable,28.223984
cacao,1.324829
cache,7.503842
cacti,0.678439
caddy,0.718188
cadet,2.395347
cagey,0.201323
cairn,1.246885
camel,4.861325
cameo,0.742296
canal,34.965384
candy,8.820552
canny,0.79812
canoe,8.267411
canon,12.510737
caper,0.53764
caput,0.691266
carat,0.472035
cargo,14.784227
carol,11.97277
carry,99.233536
carve,2.412284
caste,20.783276
catch,44.25536
cater,2.876775
catty,0.277479
caulk,0.26734
cause,243.330292
cavil,0.282055
cease,17.787302
cedar,6.281594
cello,1.752375
chafe,0.735195
chaff,1.504327
chain,63.4234
chair,64.93764
chalk,6.227674
champ,1.386363
chant,4.96605
chaos,18.239128
chard,0.498063
charm,14.860912
chart,35.429929
chase,16.34259
chasm,2.211155
cheap,22.240769
cheat,3.685686
check,94.431212
cheek,16.622975
cheer,6.681
chess,6.440333
chest,53.121697
chick,5.678465
chide,0.422598
chief,133.558854
child,354.54234
chili,2.106516
chill,7.903023
chime,0.846275
china,128.511706
chirp,0.654245
chock,0.463115
choir,7.551423
choke,3.149103
chord,6.394827
chore,1.926342
chose,35.705466
chuck,5.477259
chump,0.21206
chunk,2.730468
churn,0.988395
chute,2.050475
cider,1.893982
cigar,6.412852
cinch,0.487613
circa,4.378522
civic,17.040966
civil,132.382625
clack,0.482298
claim,96.29849
clamp,4.988139
clang,0.765162
clank,0.330172
clash,7.979179
clasp,2.305896
class,315.009247
clean,62.297726
clear,265.488681
cleat,0.389958
cleft,6.641143
clerk,19.175553
click,46.139544
cliff,11.33927
climb,18.119308
cling,4.694282
clink,0.580528
cloak,7.340668
clock,27.312748
clone,3.406179
close,235.574618
cloth,31.45549
cloud,27.251198
clout,1.852912
clove,1.243669
clown,3.559191
cluck,0.305426
clued,0.093436
clump,2.201941
clung,6.353229
coach,18.820907
coast,71.790346
cobra,1.895225
cocoa,5.399028
colon,13.802918
color,114.425924
comet,3.396141
comfy,0.316614
comic,15.4382
comma,3.175029
conch,1.20291
condo,0.996723
conic,0.814288
copse,0.52524
coral,9.2777
corer,0.130286
corny,0.64778
couch,11.007063
cough,9.963373
could,45.43939
count,63.068715
coupe,1.022837
court,239.973395
coven,0.486478
cover,101.111155
covet,0.872746
covey,0.746663
cower,0.385996
coyly,0.430352
crack,22.990298
craft,22.535916
cramp,1.198287
crane,8.70819
crank,3.089146
crash,12.62888
crass,0.950316
crate,1.838508
crave,1.750821
crawl,5.181218
craze,1.54016
crazy,22.275452
creak,0.93717
cream,23.929652
credo,1.655257
creed,8.851319
creek,30.189165
creep,9.211559
creme,0.707512
crepe,1.012612
crept,6.770831
cress,0.470326
crest,10.651042
crick,1.298226
cried,45.330858
crier,0.528107
crime,67.908309
crimp,0.585547
crisp,5.83631
croak,0.535022
crock,0.612523
crone,0.792961
crony,0.366424
crook,3.418999
cross,151.019815
croup,1.167473
crowd,44.91359
crown,40.27037
crude,21.000146
cruel,17.774172
crumb,1.019535
crump,0.614076
crush,6.769502
crust,9.032542
crypt,1.757837
cubic,10.689532
cumin,0.692323
curio,0.448579
curly,3.944938
curry,3.630104
curse,11.796488
curve,67.9902
curvy,0.190515
cutie,0.157417
cyber,1.232791
cycle,79.059752
cynic,1.124205
daddy,13.649914
daily,121.055063
dairy,11.89419
daisy,4.865094
dally,0.718832
dance,57.826872
dandy,1.975056
datum,3.402396
daunt,0.310632
dealt,33.155273
death,320.536114
debar,0.218913
debit,2.321832
debug,1.960085
debut,3.93267
decal,0.229371
decay,21.843072
decor,2.575971
decoy,0.921639
decry,0.570832
defer,2.861003
deign,0.533895
deity,11.80735
delay,43.425486
delta,15.96668
delve,1.31002
demon,7.964627
demur,0.476479
denim,0.990407
dense,21.116773
depot,6.2489
depth,66.452122
derby,4.03818
deter,4.805991
detox,0.253518
deuce,0.785557
devil,24.602077
diary,27.105279
dicey,0.630089
digit,8.369083
dilly,0.344359
dimly,3.723143
diner,1.825144
dingo,0.326357
dingy,1.473839
diode,7.043011
dirge,0.658945
dirty,21.901576
disco,1.462644
ditch,7.556139
ditto,2.07202
ditty,0.430491
diver,2.528243
dizzy,3.584644
dodge,5.923406
dodgy,0.137489
dogma,5.880806
doing,195.792358
dolly,3.201896
donor,14.653358
donut,0.456061
dopey,0.224616
doubt,117.020822
dough,6.708815
dowdy,0.391939
dowel,0.94884
downy,0.924032
dowry,3.670606
dozen,30.278001
draft,33.612212
drain,16.743768
drake,5.69879
drama,39.948239
drank,14.554639
drape,1.061622
drawl,0.706588
drawn,90.561894
dread,9.179595
dream,69.597441
dress,47.969537
dried,25.190483
drier,2.452118
drift,16.219328
drill,13.366413
drink,60.413728
drive,88.675487
droit,3.579283
droll,0.712516
drone,1.351159
drool,0.344732
droop,0.961512
dross,0.644774
drove,37.142843
drown,3.539037
druid,0.697482
drunk,19.662381
dryer,2.358216
dryly,1.552521
duchy,1.839013
dully,0.788975
dummy,5.209919
dumpy,0.309435
dunce,0.359292
dusky,1.805892
dusty,6.763745
dutch,40.589105
duvet,0.18113
dwarf,5.35332
dwell,9.859549
dwelt,4.079063
dying,35.881064
eager,22.466565
eagle,12.81868
early,456.549549
earth,156.686361
easel,1.230352
eaten,18.34707
eater,1.736316
ebony,1.909521
eclat,0.289569
edict,3.566386
edify,0.251824
eerie,2.586499
egret,0.359789
eight,122.57583
eject,0.948848
eking,0.184168
elate,0.123713
elbow,13.0205
elder,20.060707
elect,10.516746
elegy,1.961475
elfin,0.375561
elide,0.144885
elite,27.778987
elope,0.332907
elude,1.57642
email,7.476875
embed,1.129636
ember,0.620191
emcee,0.179195
empty,59.49083
enact,3.800146
endow,1.305366
enema,1.867441
enemy,75.472186
enjoy,51.481443
ennui,0.781524
ensue,2.655158
enter,91.044371
entry,65.857151
envoy,3.212781
epoch,7.311921
epoxy,3.650879
equal,137.985423
equip,2.603856
erase,3.999434
erect,9.612285
erode,1.992134
error,91.530313
erupt,1.638778
essay,41.574384
ester,4.618203
ether,9.557736
ethic,7.960066
ethos,5.528273
etude,2.587517
evade,3.372576
event,115.139979
every,29.420585
evict,0.556
evoke,5.907261
exact,45.46123
exalt,1.205839
excel,7.207025
exert,11.906994
exile,17.649697
exist,105.022568
expel,2.692887
extol,0.65698
extra,55.73483
exult,0.398349
eying,0.223676
fable,3.992744
facet,5.393822
faint,16.34064
fairy,11.042787
faith,122.276177
false,69.924831
fancy,19.429444
fanny,6.440845
farce,3.409613
fatal,21.704923
fatty,17.303194
fault,39.948146
fauna,6.932366
favor,46.091972
feast,15.679714
fecal,3.230511
feign,0.698212
fella,1.098869
felon,0.625785
femme,2.138884
femur,4.173788
fence,16.559134
feral,1.012713
ferry,9.254011
fetal,21.009539
fetch,7.98301
fetid,0.603704
fetus,11.119906
fever,35.76564
fewer,36.320482
fiber,27.773082
fibre,10.004535
ficus,0.458291
field,295.826406
fiend,1.333227
fiery,6.59444
fifth,53.337836
fifty,64.446205
fight,82.106158
filer,0.302435
filet,0.424843
filly,0.495732
filmy,0.403873
filth,2.757249
final,169.617955
finch,2.698123
finer,8.052546
first,1485.999258
fishy,0.669294
fixer,0.681787
fizzy,0.150813
fjord,1.038679
flack,0.400688
flail,0.664034
flair,2.078795
flake,2.427574
flaky,0.538487
flame,21.188921
flank,7.630143
flare,4.38393
flash,21.262156
flask,5.855485
fleck,0.581072
fleet,27.651559
flesh,36.088905
flick,1.809465
flier,0.682091
fling,2.19139
flint,6.985432
flirt,1.196415
float,10.795632
flock,8.084829
flood,24.719031
floor,115.632805
flora,11.092519
floss,1.055274
flour,15.978971
flout,0.401682
flown,6.138177
fluff,0.751915
fluid,74.263729
fluke,0.955126
flume,0.630913
flung,9.077737
flunk,0.211951
flush,7.917295
flute,5.410356
flyer,1.554021
foamy,0.639024
focal,17.865673
focus,116.093752
foggy,1.478501
foist,0.223046
folio,4.041731
folly,8.637379
foray,0.994882
force,261.182291
forge,5.603878
forgo,1.313524
forte,2.07846
forth,71.232536
forty,61.630475
forum,18.093334
found,675.944541
foyer,2.131549
frail,5.145448
frame,65.713493
frank,57.868135
fraud,11.924467
freak,2.441365
freed,13.662889
freer,3.313443
fresh,70.788161
friar,2.783867
fried,6.875998
frill,0.347902
frisk,0.297424
fritz,5.676095
frock,1.622858
frond,0.464359
front,192.219671
frost,12.2112
froth,1.218231
frown,3.943804
froze,4.060976
fruit,49.643122
fudge,0.983306
fugue,1.49944
fully,112.061524
fungi,8.75511
funky,0.609625
funny,20.905972
furor,0.960844
furry,1.176082
fussy,1.132355
fuzzy,10.049008
gaffe,0.213521
gaily,2.053373
gamer,0.240986
gamma,11.418519
gamut,1.789529
gassy,0.139804
gaudy,1.436251
gauge,14.66979
gaunt,2.577215
gauze,3.40722
gavel,0.617775
gawky,0.202527
gayer,0.30806
gayly,0.336364
gazer,0.114343
gecko,0.283547
geeky,0.062156
geese,3.772269
genie,1.493154
genre,14.998874
ghost,18.79108
ghoul,0.253433
giant,27.361921
giddy,1.617202
gipsy,0.724558
girly,0.135966
girth,1.260218
given,569.167298
giver,3.062294
glade,1.007453
gland,18.593829
glare,5.518157
glass,99.514939
glaze,3.782075
gleam,3.330528
glean,0.815749
glide,3.35884
glint,1.323725
gloat,0.375794
globe,16.250965
gloom,6.30352
glory,33.190119
gloss,4.122028
glove,4.509516
glyph,0.738318
gnash,0.106838
gnome,0.8472
godly,2.854764
going,389.242621
golem,0.467909
golly,0.447149
gonad,0.757454
goner,0.182218
goody,1.340942
gooey,0.295567
goofy,0.551019
goose,6.133492
gorge,4.0177
gouge,0.777803
gourd,1.78559
grace,53.057055
grade,55.596665
graft,12.517714
grail,2.216625
grain,44.974418
grand,61.818023
grant,61.65836
grape,4.431479
graph,25.315222
grasp,22.287999
grass,43.20878
grate,2.005761
grave,36.924948
gravy,1.71244
graze,1.844257
great,682.398789
greed,7.074897
green,127.626646
greet,6.892695
grief,23.779204
grill,3.418805
grime,0.905331
grimy,1.053899
grind,3.879488
gripe,0.407603
groan,2.884435
groin,2.760186
groom,5.117112
grope,0.70104
gross,39.963716
group,531.393829
grout,1.461323
grove,12.900128
growl,1.655723
grown,60.383132
gruel,0.839244
gruff,1.143163
grunt,1.631055
guard,49.166503
guava,0.432659
guess,47.529038
guest,21.851541
guide,84.752249
guild,6.841502
guile,1.07678
guilt,28.518921
guise,5.102684
gulch,1.001191
gully,2.018581
gumbo,0.380844
gummy,0.389088
guppy,0.288465
gusto,1.489207
gusty,0.410959
gypsy,3.820642
habit,31.53975
hairy,4.243232
halve,0.429559
handy,7.542612
happy,96.059687
hardy,11.491233
harem,1.884899
harpy,0.239619
harry,35.726661
harsh,17.277228
haste,7.463371
hasty,5.140918
hatch,7.106845
hater,0.66074
haunt,3.470177
haute,1.64741
haven,22.506042
havoc,3.351754
hazel,4.267216
heady,1.894704
heard,196.782065
heart,251.584472
heath,8.057488
heave,1.940366
heavy,116.349912
hedge,6.755571
hefty,1.247367
heist,0.254116
helix,4.329722
hello,12.931291
hence,117.956478
heron,2.137167
hilly,2.603903
hinge,4.167402
hippo,0.863376
hippy,0.293469
hitch,2.717726
hoard,2.282604
hobby,4.191386
hoist,2.009188
holly,4.679854
homer,10.110682
honey,18.281402
honor,43.011683
horde,1.852648
horny,1.41065
horse,75.732682
hotel,59.656763
hotly,2.158945
hound,2.679111
house,462.583204
hovel,0.583208
hover,1.772125
howdy,0.452681
human,499.613001
humid,4.64204
humor,20.768001
humph,0.47306
humus,1.876462
hunch,1.624163
hunky,0.138911
hurry,16.992826
husky,1.891045
hussy,0.283975
hutch,0.633143
hydro,3.185511
hyena,0.857735
hymen,0.768992
hyper,2.488091
icily,0.337545
icing,1.582496
ideal,76.254247
idiom,4.492967
idiot,5.113958
idler,0.795183
idyll,0.930217
igloo,0.368895
iliac,4.309661
image,158.528707
imbue,0.427003
impel,0.610324
imply,23.932324
inane,0.590154
inbox,0.407268
incur,3.399684
index,100.013265
inept,1.872227
inert,6.598542
infer,7.012873
ingot,1.080688
inlay,0.947045
inlet,8.67224
inner,75.044135
input,85.711819
inter,30.627426
intro,1.926676
ionic,9.479886
irate,1.102109
irony,13.572421
islet,2.298904
issue,177.500148
itchy,0.796582
ivory,8.855794
jaunt,0.44293
jazzy,0.241025
jelly,4.310345
jerky,1.250692
jetty,1.205256
jewel,4.900631
jiffy,0.278761
joint,97.221403
joist,0.71003
joker,0.845063
jolly,4.511745
joust,0.283943
judge,77.413314
juice,17.828465
juicy,1.654876
jumbo,1.176501
jumpy,0.56293
junta,2.785002
junto,0.402444
juror,1.276945
kappa,2.634895
karma,5.854762
kayak,0.867898
kebab,0.14487
khaki,1.778745
kinky,0.562021
kiosk,0.786155
kitty,4.536918
knack,1.69882
knave,0.913334
knead,0.678618
kneed,0.336046
kneel,2.471946
knelt,5.53365
knife,25.678072
knock,12.065243
knoll,1.714033
known,375.65658
koala,0.252469
krill,0.505684
label,27.219165
labor,169.172251
laden,8.427424
ladle,1.128525
lager,0.709268
lance,6.561055
lanky,0.867051
lapel,0.7326
lapse,5.556267
large,539.061087
larva,3.058619
lasso,0.766925
latch,2.928916
later,481.362902
lathe,1.801642
latte,0.286096
laugh,33.100017
layer,82.299408
leach,3.035622
leafy,2.278765
leaky,1.359007
leant,1.067457
leapt,3.360728
learn,131.15002
lease,14.772355
leash,1.781301
least,340.807475
leave,182.275419
ledge,4.338742
leech,1.727536
leery,0.411798
lefty,0.687459
legal,137.394087
leggy,0.170253
lemon,8.940233
lemur,0.272336
leper,1.233988
level,415.713577
lever,8.333468
libel,3.490198
liege,1.884721
light,340.001663
liken,0.504535
lilac,1.571991
limbo,1.593552
limit,74.0021
linen,9.281507
liner,4.083678
lingo,0.907382
lipid,13.674092
lithe,0.866756
liver,54.094102
livid,1.216281
llama,0.665402
loamy,0.549054
loath,1.36178
lobby,10.242833
local,337.172111
locus,12.747869
lodge,16.838664
lofty,7.11735
logic,64.83642
login,2.551661
loopy,0.133503
loose,36.390104
lorry,1.989663
loser,2.707796
louse,1.1074
lousy,2.337394
lover,22.42179
lower,239.855493
lowly,2.987769
loyal,16.486738
lucid,3.31516
lucky,21.675135
lumen,7.024722
lumpy,1.023963
lunar,6.233424
lunch,32.857314
lunge,0.825469
lupus,4.856454
lurch,1.03439
lurid,1.462566
lusty,1.107011
lying,48.012432
lymph,13.279589
lynch,6.010338
lyric,6.18345
macaw,0.252236
macho,1.561316
macro,11.84396
madam,7.350535
madly,1.949914
mafia,2.717283
magic,34.98654
magma,2.380087
maize,9.563571
major,328.654103
maker,14.313816
mambo,0.406934
mamma,3.913278
mammy,1.09653
manga,0.586386
mange,0.540453
mango,2.362404
mangy,0.340443
mania,4.065249
manic,3.924101
manly,4.210686
manor,6.226042
maple,5.288289
march,179.902371
marry,34.253769
marsh,11.112098
mason,14.148536
masse,2.25778
match,43.042194
matey,0.125889
mauve,1.009597
maxim,4.95595
maybe,95.518154
mayor,22.011647
mealy,0.454755
meant,109.682353
meaty,0.519304
mecca,4.254109
medal,7.556931
media,101.955154
medic,0.937683
melee,0.902573
melon,1.620574
mercy,23.406136
merge,7.263688
merit,23.111106
merry,8.623564
metal,82.69761
meter,15.814973
metro,4.412032
micro,14.307305
midge,0.673062
midst,20.535352
might,15.447166
milky,3.202603
mimic,4.233901
mince,0.871759
miner,4.490022
minim,0.324446
minor,66.198293
minty,0.22676
minus,6.893783
mirth,2.433697
miser,0.999528
missy,1.124702
mocha,0.384978
modal,6.419145
model,313.643978
modem,11.886599
mogul,1.041678
moist,10.064391
molar,7.02396
moldy,0.520377
money,279.58642
month,101.866768
moody,4.599851
moose,3.105182
moral,138.056234
moron,0.681368
morph,0.747354
mossy,1.100104
motel,4.191402
motif,9.486016
motor,69.198696
motto,5.136878
moult,0.543685
mound,8.533827
mount,31.73683
mourn,3.057936
mouse,29.572299
mouth,97.204901
mover,2.534576
movie,31.379481
mower,1.117368
mucky,0.141894
mucus,5.222583
muddy,6.144603
mulch,1.15383
mummy,2.999696
munch,1.141003
mural,3.3393
murky,1.908666
mushy,0.563746
music,164.941567
musky,0.336038
musty,1.23419
myrrh,0.660243
nadir,1.625865
naive,10.853149
nanny,1.952696
nasal,14.962762
nasty,6.707595
natal,6.090597
naval,33.900304
navel,1.966308
needy,4.799457
neigh,0.39542
nerdy,0.103754
nerve,63.196795
never,28.82493
newer,10.737244
newly,37.689977
nicer,1.615928
niche,6.231225
niece,5.321147
night,285.70825
ninja,0.331407
ninny,0.18444
ninth,14.583572
noble,34.331091
nobly,1.501771
noise,62.345524
noisy,8.37418
nomad,1.134709
noose,1.408638
north,266.969544
nosey,0.188861
notch,5.735112
novel,79.4967
nudge,0.974837
nurse,48.301861
nutty,0.547741
nylon,4.774408
nymph,1.707949
oaken,0.41496
obese,4.743991
occur,163.175253
ocean,48.642871
octal,0.683365
octet,0.723556
odder,0.221702
oddly,5.227594
offal,0.455696
offer,114.840014
often,593.17863
olden,1.520806
older,113.807606
olive,13.174911
ombre,0.286437
omega,2.860397
onion,6.850647
onset,29.5654
opera,26.57192
opine,0.215766
opium,7.333465
optic,12.5829
orbit,14.478583
order,513.882662
organ,33.675339
other,2162.910501
otter,2.460742
ought,61.059294
ounce,5.327378
outdo,0.73598
outer,44.394193
outgo,0.154356
ovary,5.715572
ovate,0.719058
overt,10.735744
ovine,0.450443
ovoid,1.194457
owing,23.131656
owner,44.533663
oxide,21.060468
ozone,7.196761
paddy,5.762624
pagan,10.432354
paint,31.543549
paler,1.551231
palsy,4.634037
panel,35.608487
panic,19.023458
pansy,0.63127
papal,7.690465
paper,224.109529
parer,0.110715
parka,0.56819
parry,3.512077
parse,1.425109
party,288.723702
pasta,3.180608
paste,10.38691
pasty,0.580792
patch,14.831613
patio,3.466665
patsy,1.623324
patty,2.743746
pause,20.012318
payee,0.632568
payer,1.142028
peace,141.600531
peach,4.00965
pearl,14.358832
pecan,0.744534
pedal,3.468226
penal,6.783806
pence,2.132847
penne,0.132594
penny,10.122546
perch,3.318182
peril,6.023414
perky,0.386244
pesky,0.42172
pesto,0.251079
petal,1.239621
petty,12.63539
phase,146.677731
phone,62.218602
phony,1.811439
photo,31.15652
piano,21.31042
picky,0.393198
piece,94.132623
piety,8.976213
piggy,0.622817
pilot,28.824098
pinch,5.294769
piney,0.385024
pinky,0.657756
pinto,1.882335
piper,3.299093
pique,0.837744
pitch,23.268764
pithy,0.635435
pivot,4.07047
pixel,5.474594
pixie,0.319046
pizza,4.290735
place,592.798796
plaid,1.380349
plain,54.460379
plait,0.587645
plane,74.055608
plank,4.254576
plant,127.86161
plate,81.499043
plaza,8.3336
plead,4.868924
pleat,0.230715
plied,1.304744
plier,0.083802
pluck,2.351931
plumb,1.940335
plume,3.573938
plump,3.420118
plunk,0.152554
plush,1.391133
poesy,0.489951
point,538.816745
poise,2.002156
poker,4.088417
polar,15.080213
polka,0.827341
polyp,1.272276
pooch,0.162716
poppy,2.10699
porch,13.652998
poser,0.403865
posit,1.919272
posse,1.62825
pouch,4.722796
pound,23.616021
pouty,0.094391
power,547.875315
prank,0.812462
prawn,0.539598
preen,0.200499
press,515.076016
price,181.851384
prick,2.124712
pride,39.632713
pried,0.780134
prime,59.393665
primo,1.724856
print,48.815983
prior,93.90873
prism,4.541518
privy,5.772989
prize,22.715095
probe,17.302044
prone,13.940407
prong,0.701646
proof,53.818223
prose,22.22819
proud,33.322092
prove,65.365327
prowl,0.635893
proxy,6.166435
prude,0.305527
prune,1.404
psalm,8.558612
pubic,2.549951
pudgy,0.513866
puffy,1.192242
pulpy,0.263564
pulse,34.28233
punch,10.950221
pupal,0.515117
pupil,20.284833
puppy,3.718738
puree,1.079981
purer,1.573996
purge,4.289227
purse,9.232241
pushy,0.549939
putty,1.109179
pygmy,0.713565
quack,1.021671
quail,2.123197
quake,1.077106
qualm,0.245213
quark,1.990852
quart,4.871193
quash,0.414393
quasi,12.768792
queen,54.128785
queer,7.867679
quell,1.431371
query,17.387881
quest,19.268795
queue,7.723004
quick,56.790671
quiet,59.888177
quill,1.673888
quilt,4.164644
quirk,1.18431
quite,288.38963
quota,7.376066
quote,15.684205
quoth,1.027118
rabbi,13.27917
rabid,1.075584
racer,0.710581
radar,11.94163
radii,2.897542
radio,76.583797
rainy,6.66076
raise,55.996957
rajah,1.307114
rally,6.975976
ralph,18.105695
ramen,0.08266
ranch,11.967805
randy,3.732132
range,215.76105
rapid,76.480719
rarer,1.976999
raspy,0.435689
ratio,88.173998
ratty,0.280222
raven,7.920636
rayon,1.695433
razor,4.140022
reach,101.657194
react,19.787524
ready,123.534203
realm,27.709916
rearm,0.235205
rebar,0.254186
rebel,12.436484
rebus,0.942819
rebut,0.56335
recap,0.540616
recur,3.788951
recut,0.138911
reedy,0.681508
refer,64.501089
refit,0.410345
regal,2.250826
rehab,0.929471
reign,25.256897
relax,14.01337
relay,8.159688
relic,2.822015
remit,1.566972
renal,43.642255
renew,5.84
repay,4.900989
repel,2.312897
reply,44.091657
rerun,0.582727
reset,5.376527
resin,11.231733
retch,0.170027
retro,0.872264
retry,0.373207
reuse,4.242704
revel,1.500287
revue,7.504107
rhino,0.842515
rhyme,5.906616
rider,7.428525
ridge,24.266467
rifle,14.747213
right,658.683101
rigid,27.082841
rigor,2.740343
rinse,4.194634
ripen,1.29438
riper,0.382266
risen,14.727276
riser,1.157163
risky,7.829858
rival,17.972231
river,173.485953
rivet,1.342605
roach,1.789498
roast,4.464833
robin,12.071901
robot,9.344262
rocky,14.522605
rodeo,1.429406
roger,22.212495
rogue,2.792002
roomy,0.669154
roost,1.390589
rotor,7.312667
rouge,6.247168
rough,38.685706
round,121.961645
rouse,3.463891
route,55.43959
rover,2.284857
rowdy,1.082599
rower,0.190376
royal,85.490629
ruddy,1.82199
ruder,0.287113
rugby,2.377803
ruler,19.35356
rumba,0.254054
rumor,5.085957
rupee,1.791976
rural,92.99674
rusty,4.319373
sadly,10.300871
safer,8.668068
saint,38.976269
salad,7.667538
sally,11.486541
salon,4.696939
salsa,1.025206
salty,2.458062
salve,1.106506
salvo,0.817155
sandy,16.29557
saner,0.329341
sappy,0.162033
sassy,0.42325
satin,3.79334
satyr,0.783917
sauce,11.414968
saucy,0.621978
sauna,1.048561
saute,1.545218
savor,1.28616
savoy,2.153125
savvy,1.66026
scald,0.393594
scale,151.386091
scalp,6.227728
scaly,1.193004
scamp,0.334297
scant,4.317027
scare,5.425708
scarf,3.65791
scary,3.378163
scene,94.2922
scent,8.38954
scion,0.899644
scoff,0.632451
scold,1.282042
scone,0.286904
scoop,2.56023
scope,52.587437
score,43.949064
scorn,5.888645
scour,1.206212
scout,5.629082
scowl,1.133886
scram,0.180617
scrap,7.021536
scree,0.456581
screw,13.567176
scrub,4.667197
scrum,0.355058
scuba,1.185607
sedan,2.140026
seedy,0.763911
segue,0.173539
seize,9.478316
semen,3.979008
sense,322.359448
sepia,0.800295
serif,0.634479
serum,42.647916
serve,109.583052
setup,10.290429
seven,132.401015
sever,1.993206
sewer,3.756023
shack,3.149235
shade,18.80902
shady,3.164424
shaft,19.177402
shake,17.993667
shaky,3.225143
shale,4.918773
shall,8.697336
shalt,2.187948
shame,24.066193
shank,1.727093
shape,100.692535
shard,0.320561
share,128.644859
shark,4.73908
sharp,57.089618
shave,2.983318
shawl,2.929522
shear,20.770254
sheen,1.927857
sheep,31.102514
sheer,15.540003
sheet,48.835927
sheik,0.848707
shelf,15.822905
shell,38.33629
shied,0.775045
shift,66.827839
shine,8.457616
shiny,6.204871
shire,1.648948
shirk,0.857331
shirt,24.812047
shoal,1.098123
shock,48.39943
shone,7.758542
shook,43.180235
shoot,22.138289
shore,35.540885
shorn,1.311007
short,286.5179
shout,9.689281
shove,2.250112
shown,298.044313
showy,1.237764
shrew,1.116094
shrub,3.314414
shrug,2.809926
shuck,0.269679
shunt,5.493023
shush,0.241227
shyly,1.510325
siege,11.733385
sieve,3.278566
sight,72.566377
sigma,4.58237
silky,1.800461
silly,13.233951
since,251.006368
sinew,0.695454
singe,0.267604
siren,2.253235
sissy,1.132044
sixth,30.222644
sixty,31.722325
skate,1.324005
skier,0.597706
skiff,0.865606
skill,48.381009
skimp,0.177377
skirt,9.097588
skulk,0.121522
skull,16.999399
skunk,1.238665
slack,5.843745
slain,6.152131
slang,3.486088
slant,2.720616
slash,2.573742
slate,6.219369
slave,46.389566
sleek,2.196549
sleep,96.009706
sleet,0.899108
slept,19.414472
slice,9.135744
slick,3.284626
slide,20.23322
slime,1.987138
slimy,1.366007
sling,2.697727
slink,0.29315
sloop,1.513402
slope,30.510565
slosh,0.153082
sloth,1.248525
slump,2.638648
slung,2.327177
slunk,0.517339
slurp,0.151948
slush,0.833525
slyly,0.899348
smack,1.907944
small,574.65207
smart,20.462637
smash,2.922063
smear,4.149835
smell,27.35172
smelt,1.638552
smile,59.327423
smirk,1.032984
smite,0.761883
smith,98.475227
smock,0.852561
smoke,39.634376
smoky,2.604944
smote,1.132511
snack,3.499157
snail,2.625121
snake,16.67089
snaky,0.154931
snare,2.188274
snarl,0.929906
sneak,3.068417
sneer,1.715167
snide,0.367737
sniff,1.568246
snipe,0.665075
snoop,0.398326
snore,0.600892
snort,1.373512
snout,2.001799
snowy,2.899236
snuck,0.532932
snuff,1.923553
soapy,0.85298
sober,8.50985
soggy,0.999225
solar,28.934239
solid,78.182912
solve,37.414083
sonar,1.825276
sonic,1.996461
sooth,0.522008
sooty,0.764843
sorry,48.360023
sound,162.574291
south,294.496963
sower,0.508536
space,222.859893
spade,2.849535
spank,0.4097
spare,18.946734
spark,9.292486
spasm,4.565448
spawn,1.725881
speak,132.408543
spear,7.653995
speck,2.046644
speed,98.034394
spell,16.003289
spelt,1.589348
spend,53.79291
spent,99.679333
sperm,11.50023
spice,3.580387
spicy,1.884091
spied,1.708928
spiel,0.49257
spike,5.693561
spiky,0.509468
spill,5.003048
spilt,0.791306
spine,19.698097
spiny,1.118782
spire,1.78472
spite,47.806751
splat,0.250729
split,39.825955
spoil,5.414707
spoke,85.287869
spoof,0.349984
spook,0.531875
spool,1.434775
spoon,7.2564
spore,2.52181
sport,25.463277
spout,1.409702
spray,13.565257
spree,1.087797
sprig,0.612196
spunk,0.320802
spurn,0.499446
spurt,1.710482
squad,6.588186
squat,2.481844
squib,0.187633
stack,15.265888
staff,146.070632
stage,193.309084
staid,1.266239
stain,11.100747
stair,3.367953
stake,16.360227
stale,4.101804
stalk,4.428876
stall,5.358797
stamp,12.177566
stand,124.236883
stank,0.572984
stare,10.217093
stark,9.622052
start,155.122054
stash,0.69634
state,788.456073
stave,1.328208
stead,3.424228
steak,3.661011
steal,10.657156
steam,32.185083
steed,1.736852
steel,76.441888
steep,16.910819
steer,5.109055
stein,9.511935
stern,17.612939
stick,33.915711
stiff,15.228571
still,672.980538
stilt,0.295901
sting,4.302544
stink,1.780524
stint,1.650875
stock,98.647507
stoic,3.448173
stoke,1.149736
stole,7.85991
stomp,0.579937
stone,97.776983
stony,4.1463
stood,130.530652
stool,9.053955
stoop,2.305469
store,72.466066
stork,1.010382
storm,34.49923
story,236.662112
stout,7.019633
stove,10.100543
strap,4.24808
straw,13.494742
stray,5.572225
strip,22.639739
strut,1.598532
stuck,23.343615
study,474.552641
stuff,34.285181
stump,4.795673
stung,2.729667
stunk,0.147651
stunt,1.78587
style,127.465755
suave,0.868255
sugar,55.389197
suing,0.979972
suite,13.295703
sulky,0.780351
sully,1.049494
sumac,0.365065
sunny,7.805935
super,16.766563
surer,0.863438
surge,7.373292
surly,1.138159
sushi,0.66412
swami,4.175715
swamp,6.787201
swarm,2.973411
swash,0.346736
swath,0.719221
swear,9.239125
sweat,16.066292
sweep,11.30078
sweet,48.644254
swell,6.863761
swept,19.405242
swift,16.222179
swill,0.25097
swine,4.006387
swing,17.04785
swirl,1.879546
swish,0.70484
swoon,0.699712
swoop,0.962002
sword,26.889676
swore,5.808821
sworn,6.182518
swung,12.132107
synod,4.10189
syrup,4.528178
tabby,0.593309
table,443.861427
taboo,5.074838
tacit,4.595329
tacky,0.684926
taffy,0.482236
taint,1.609728
taken,354.118887
taker,1.364336
tally,2.771048
talon,0.593402
tamer,0.451982
tango,1.177915
tangy,0.280867
taper,2.724446
tapir,0.314213
tardy,1.070075
tarot,0.961295
taste,49.705728
tasty,2.15443
tatty,0.157627
taunt,1.050007
tawny,1.214385
teach,51.4128
teary,0.316669
tease,2.771475
teddy,4.39957
teeth,55.472105
tempo,6.301539
tenet,2.121061
tenor,5.162975
tense,16.661528
tenth,16.264328
tepee,0.481327
tepid,0.995185
terra,4.250885
terse,1.479037
testy,0.407704
thank,64.472668
theft,9.351868
their,9.566647
theme,53.473461
there,2801.385788
these,369.897118
theta,1.444836
thick,58.022872
thief,7.672425
thigh,7.9325
thing,275.486721
think,493.763995
third,266.777514
thong,0.991129
thorn,4.357661
those,587.175494
three,797.1734
threw,32.456711
throb,1.107889
throw,34.577461
thrum,0.16521
thumb,16.294878
thump,1.53023
thyme,1.29187
tiara,0.527027
tibia,3.565446
tidal,8.714708
tiger,10.404322
tight,30.959735
tilde,0.198176
timer,4.313352
timid,5.020087
tipsy,0.673886
titan,1.476567
tithe,1.60136
title,91.679192
toast,5.860123
today,203.534847
toddy,0.564631
token,12.669079
tonal,3.407523
tonga,1.696598
tonic,5.509751
tooth,20.298041
topaz,0.706005
topic,42.036816
torch,6.096238
torso,3.263221
torus,1.135642
total,295.180498
totem,2.148689
touch,69.526599
tough,22.623843
towel,7.461685
tower,30.910103
toxic,22.773872
toxin,6.602249
trace,36.344296
track,49.881956
tract,33.004794
trade,234.804483
trail,33.912192
train,64.237346
trait,13.073294
tramp,2.918582
trash,6.441879
trawl,0.675696
tread,4.598577
treat,47.304601
trend,42.781808
triad,3.853608
trial,81.137638
tribe,22.893079
trice,0.470675
trick,14.52743
tried,152.175634
tripe,0.412023
trite,1.200587
troll,1.06661
troop,7.243308
trope,1.469364
trout,8.763244
trove,0.594995
truce,4.562667
truck,27.129225
truer,1.891146
truly,58.180686
trump,2.212927
trunk,20.06418
truss,2.527653
trust,89.744948
truth,168.310927
tryst,0.46484
tubal,1.762973
tuber,1.160512
tulip,1.151841
tulle,0.33422
tumor,42.770923
tunic,2.628757
turbo,1.417658
tutor,6.625503
twang,0.449053
tweak,0.450335
tweed,1.990323
tweet,0.109153
twice,59.185148
twine,1.393767
twirl,0.399056
twist,10.121746
twixt,0.367263
tying,4.870462
udder,0.626407
ulcer,8.373348
ultra,6.748307
umbra,0.307011
uncle,43.20094
uncut,0.800194
under,768.76594
undid,0.821133
undue,5.969665
unfed,0.141762
unfit,4.123178
unify,2.198305
union,191.128393
unite,9.803756
unity,60.225318
unlit,0.528294
unmet,1.105232
unset,0.146354
untie,0.793482
until,204.682275
unwed,0.807909
unzip,0.184043
upper,129.23311
upset,23.131073
urban,111.304396
urine,29.284883
usage,28.173808
usher,2.710228
using,396.562917
usual,85.712759
usurp,0.993282
utile,0.331586
utter,12.762235
vague,20.590119
valet,1.892296
valid,41.235277
valor,2.182362
value,385.063829
valve,30.760999
vapid,0.353488
vapor,15.004025
vault,5.593312
vaunt,0.146991
vegan,0.319776
venom,3.238436
venue,3.319146
verge,5.459218
verse,38.464843
verso,3.580573
verve,0.76409
vicar,3.710681
video,36.992099
vigil,2.280467
vigor,5.867046
villa,10.699368
vinyl,4.63723
viola,2.909274
viper,0.95762
viral,15.806986
virus,45.230935
visit,97.916282
visor,0.745047
vista,4.18695
vital,49.636308
vivid,13.313557
vixen,0.4205
vocal,14.99356
vodka,2.545663
vogue,4.543616
voice,183.736889
voila,0.605616
vomit,2.242373
voter,6.326152
vouch,0.7961
vowel,9.102693
vying,0.785533
wacky,0.344514
wafer,3.520165
wager,2.076945
wagon,14.919284
waist,13.433464
waive,1.223111
waltz,2.495604
warty,0.300966
waste,55.107817
watch,75.127299
water,545.208922
waver,1.046922
waxen,0.351383
weary,11.779963
weave,5.036209
wedge,7.678057
weedy,0.611272
weigh,9.394266
weird,7.140518
welch,4.04619
welsh,10.833951
wench,0.823511
whack,0.872132
whale,7.862614
wharf,3.41729
wheat,29.511293
wheel,31.439197
whelp,0.201719
where,778.684241
which,3725.85563
whiff,1.140319
while,98.882627
whine,1.551045
whiny,0.174425
whirl,1.849494
whisk,1.449715
white,360.313518
whole,346.555305
whoop,0.763282
whose,222.898119
widen,3.106557
wider,34.602207
widow,17.217683
width,32.482654
wield,2.13604
wight,1.759927
willy,3.784499
wimpy,0.197928
wince,0.752738
winch,1.664207
windy,2.750878
wiser,4.819432
wispy,0.549792
witch,9.976014
witty,4.397814
woken,1.049059
woman,273.418338
women,527.006302
woody,4.698765
wooer,0.125446
wooly,0.197702
woozy,0.203125
wordy,0.573201
world,798.203819
worry,39.057857
worse,62.348049
worst,40.444593
worth,94.11668
would,35.540613
wound,35.225335
woven,9.305632
wrack,0.254785
wrath,9.564985
wreak,0.869172
wreck,6.057468
wrest,1.105698
wring,0.988674
wrist,13.160903
write,142.592787
wrong,123.654825
wrote,151.398452
wrung,1.561277
wryly,1.24255
yacht,4.240963
yearn,1.293743
yeast,10.500733
yield,58.521914
young,369.337677
youth,77.749639
zebra,1.440959
zesty,0.081867
zonal,1.905854
